ep,lr,nodes,layers,act,corr,mse
5000,0.01,64,2,tanh,0.9601,0.003237
2000,0.005,64,3,tanh,0.9546,0.003655
5000,0.005,64,2,tanh,0.9534,0.003774
5000,0.005,32,2,tanh,0.9523,0.003845
5000,0.001,64,3,tanh,0.9505,0.003985
2000,0.01,64,2,tanh,0.9503,0.00399
5000,0.005,64,3,tanh,0.9523,0.004045
2000,0.01,64,3,tanh,0.9499,0.004051
5000,0.001,64,2,relu,0.9497,0.004085
5000,0.005,64,1,relu,0.949,0.004097
5000,0.01,32,2,tanh,0.9486,0.004213
5000,0.01,64,3,softplus,0.9479,0.004229
5000,0.001,64,1,relu,0.9472,0.004274
2000,0.001,64,2,relu,0.9462,0.004339
5000,0.01,64,1,relu,0.9461,0.00439
5000,0.01,32,3,relu,0.9466,0.004398
5000,0.005,64,3,sigmoid,0.9454,0.004404
5000,0.005,32,3,tanh,0.9464,0.00441
5000,0.001,64,2,tanh,0.9443,0.004462
2000,0.01,32,2,tanh,0.9443,0.004536
2000,0.005,64,1,relu,0.944,0.004566
5000,0.001,32,2,tanh,0.9431,0.004592
5000,0.01,32,3,sigmoid,0.943,0.004596
2000,0.01,32,2,relu,0.9429,0.004604
5000,0.005,32,3,sigmoid,0.9427,0.004627
2000,0.01,64,1,relu,0.9452,0.004629
5000,0.001,32,3,tanh,0.9417,0.004671
2000,0.005,32,2,tanh,0.9438,0.004706
5000,0.001,32,2,relu,0.9413,0.004756
2000,0.001,64,3,relu,0.9423,0.004762
2000,0.001,32,2,relu,0.9404,0.004802
5000,0.01,32,3,softplus,0.9402,0.004829
2000,0.01,32,3,relu,0.9409,0.004841
5000,0.005,64,3,softplus,0.9394,0.004841
2000,0.005,32,3,tanh,0.9393,0.004859
5000,0.01,32,2,sigmoid,0.9392,0.004885
5000,0.005,32,3,softplus,0.9383,0.004949
5000,0.01,32,1,sigmoid,0.9379,0.004953
5000,0.01,64,1,tanh,0.9381,0.00497
5000,0.005,32,1,sigmoid,0.9364,0.005065
5000,0.01,64,2,sigmoid,0.9364,0.00508
5000,0.01,64,1,sigmoid,0.9362,0.00509
5000,0.01,64,2,softplus,0.9365,0.005101
2000,0.01,32,3,tanh,0.9369,0.005109
5000,0.01,32,2,relu,0.9367,0.005109
5000,0.005,32,2,relu,0.938,0.005125
2000,0.001,32,3,relu,0.9366,0.005129
5000,0.005,32,1,tanh,0.9361,0.005132
5000,0.001,32,3,relu,0.9365,0.005149
5000,0.001,32,3,sigmoid,0.9354,0.005152
5000,0.01,32,2,softplus,0.9357,0.005153
2000,0.005,64,3,relu,0.9367,0.005186
5000,0.005,64,1,tanh,0.9349,0.005204
2000,0.01,32,3,sigmoid,0.9344,0.005253
2000,0.001,64,3,tanh,0.934,0.005263
5000,0.005,32,2,sigmoid,0.9343,0.005282
2000,0.01,64,3,relu,0.9385,0.005315
2000,0.005,32,3,relu,0.936,0.005319
5000,0.01,5,1,tanh,0.933,0.005331
5000,0.001,64,3,sigmoid,0.933,0.00534
5000,0.01,64,1,softplus,0.9328,0.00535
5000,0.001,64,3,relu,0.9346,0.005356
5000,0.01,5,2,tanh,0.9327,0.005357
5000,0.005,64,1,sigmoid,0.9327,0.005365
2000,0.01,64,2,relu,0.9362,0.00537
2000,0.001,64,2,tanh,0.932,0.005403
2000,0.005,32,3,sigmoid,0.9321,0.005418
5000,0.01,32,1,tanh,0.9322,0.005449
5000,0.005,64,3,relu,0.9338,0.005454
2000,0.001,32,2,tanh,0.9312,0.005462
5000,0.005,64,2,sigmoid,0.931,0.005483
5000,0.005,5,3,sigmoid,0.9306,0.005518
5000,0.001,64,1,tanh,0.9303,0.005547
5000,0.001,32,1,relu,0.9299,0.005567
5000,0.005,64,1,softplus,0.9297,0.005579
2000,0.005,32,2,relu,0.93,0.005588
2000,0.005,64,2,relu,0.935,0.005637
5000,0.005,64,2,relu,0.9318,0.005637
2000,0.01,64,3,softplus,0.929,0.005639
5000,0.01,64,3,sigmoid,0.9354,0.005641
2000,0.01,32,3,softplus,0.9283,0.005692
5000,0.005,5,3,tanh,0.9287,0.005713
5000,0.01,32,1,softplus,0.929,0.00572
5000,0.01,5,3,sigmoid,0.928,0.005722
5000,0.005,32,1,softplus,0.9279,0.005751
2000,0.01,64,3,sigmoid,0.9279,0.005752
5000,0.001,5,3,tanh,0.9272,0.005773
2000,0.005,64,1,tanh,0.9269,0.005792
2000,0.001,32,3,tanh,0.9269,0.005796
5000,0.01,32,3,tanh,0.9293,0.00583
5000,0.005,5,1,tanh,0.9265,0.005833
2000,0.005,32,1,relu,0.9262,0.005853
5000,0.005,5,2,softplus,0.9256,0.005896
5000,0.001,64,2,sigmoid,0.9249,0.005949
5000,0.005,32,2,softplus,0.9249,0.005949
5000,0.001,32,2,sigmoid,0.9248,0.005951
5000,0.01,64,3,tanh,0.9281,0.005951
5000,0.01,5,2,sigmoid,0.9246,0.00597
5000,0.01,5,1,sigmoid,0.9244,0.005984
2000,0.01,64,2,softplus,0.9243,0.005995
5000,0.01,64,2,relu,0.9326,0.005999
2000,0.01,5,3,tanh,0.9243,0.006041
2000,0.01,64,1,tanh,0.9321,0.006062
2000,0.01,32,1,tanh,0.9236,0.006064
2000,0.01,32,2,sigmoid,0.9234,0.006104
2000,0.001,64,1,relu,0.9238,0.006107
2000,0.01,32,1,relu,0.9242,0.006107
5000,0.001,64,3,softplus,0.9223,0.006142
5000,0.01,5,3,tanh,0.9224,0.006162
2000,0.005,64,2,tanh,0.9368,0.006171
5000,0.01,5,1,softplus,0.9232,0.006177
5000,0.005,5,2,tanh,0.9218,0.006181
2000,0.01,64,1,sigmoid,0.9215,0.006218
5000,0.005,64,2,softplus,0.9236,0.006221
2000,0.01,32,2,softplus,0.9213,0.006222
2000,0.01,5,3,sigmoid,0.9215,0.006232
5000,0.005,32,1,relu,0.9224,0.006232
2000,0.01,64,2,sigmoid,0.9209,0.00625
2000,0.005,32,3,softplus,0.9208,0.006261
2000,0.005,64,3,softplus,0.9205,0.006278
5000,0.005,5,2,sigmoid,0.9203,0.006305
5000,0.005,5,3,softplus,0.9201,0.006322
5000,0.01,5,2,softplus,0.9203,0.006323
2000,0.01,5,2,tanh,0.9201,0.006326
5000,0.005,32,3,relu,0.922,0.006353
2000,0.01,32,1,softplus,0.9194,0.006385
2000,0.005,64,2,sigmoid,0.9184,0.006436
2000,0.01,5,1,tanh,0.9176,0.006508
2000,0.005,64,3,sigmoid,0.9317,0.006543
2000,0.01,64,1,softplus,0.9169,0.006552
5000,0.01,32,1,relu,0.9183,0.00656
5000,0.005,5,1,sigmoid,0.9167,0.00657
2000,0.005,64,1,sigmoid,0.9167,0.006577
5000,0.01,64,3,relu,0.9181,0.006583
2000,0.01,5,2,sigmoid,0.9159,0.006632
2000,0.005,5,2,tanh,0.9158,0.006657
2000,0.005,5,3,tanh,0.9162,0.006662
2000,0.01,5,2,softplus,0.9153,0.006684
5000,0.005,5,1,softplus,0.9152,0.006689
2000,0.01,32,1,sigmoid,0.915,0.00671
5000,0.01,5,3,softplus,0.9176,0.006723
2000,0.005,32,1,tanh,0.9141,0.006785
2000,0.005,32,2,sigmoid,0.9119,0.006945
2000,0.001,64,3,softplus,0.9106,0.007024
2000,0.005,5,2,softplus,0.9102,0.007065
2000,0.005,32,1,softplus,0.91,0.007072
2000,0.005,5,3,sigmoid,0.9095,0.007121
2000,0.01,5,3,softplus,0.9094,0.007122
2000,0.001,32,1,relu,0.9091,0.007145
5000,0.001,5,3,relu,0.9088,0.007172
2000,0.01,5,1,sigmoid,0.9082,0.007214
5000,0.001,5,1,relu,0.9077,0.007291
5000,0.001,5,2,tanh,0.9069,0.007301
2000,0.005,32,2,softplus,0.907,0.007305
2000,0.01,5,1,softplus,0.9065,0.007333
2000,0.005,5,1,tanh,0.906,0.007372
5000,0.001,32,3,softplus,0.906,0.007383
5000,0.01,5,2,relu,0.9044,0.007512
2000,0.001,64,2,sigmoid,0.9038,0.007547
2000,0.001,5,2,relu,0.9032,0.007582
2000,0.005,5,2,sigmoid,0.9024,0.007642
5000,0.001,32,1,tanh,0.9017,0.007709
5000,0.001,64,1,sigmoid,0.9016,0.007714
2000,0.001,5,3,tanh,0.9014,0.007718
5000,0.001,5,2,relu,0.9018,0.007746
2000,0.01,5,2,relu,0.9011,0.007762
2000,0.005,64,2,softplus,0.9013,0.007799
2000,0.005,32,1,sigmoid,0.8998,0.007851
2000,0.001,5,3,relu,0.8995,0.007864
2000,0.005,5,3,softplus,0.8993,0.007866
5000,0.001,5,1,tanh,0.8987,0.007912
5000,0.005,5,3,relu,0.8991,0.00796
2000,0.005,5,3,relu,0.8984,0.007998
2000,0.01,5,3,relu,0.8976,0.008044
2000,0.005,5,1,relu,0.8965,0.00808
5000,0.01,5,3,relu,0.8973,0.008096
5000,0.005,5,1,relu,0.8955,0.008158
5000,0.001,32,2,softplus,0.8937,0.008316
5000,0.001,32,1,softplus,0.891,0.008516
5000,0.001,5,2,softplus,0.89,0.008563
2000,0.005,64,1,softplus,0.89,0.008566
2000,0.005,5,2,relu,0.8883,0.008749
5000,0.001,32,1,sigmoid,0.8865,0.008835
2000,0.001,5,1,relu,0.8854,0.008922
2000,0.005,5,1,softplus,0.8849,0.008935
2000,0.005,5,1,sigmoid,0.8822,0.009137
2000,0.001,64,3,sigmoid,0.8811,0.009234
5000,0.001,64,1,softplus,0.8765,0.009569
5000,0.001,64,2,softplus,0.8763,0.009573
2000,0.001,64,1,tanh,0.8751,0.009651
5000,0.001,5,3,softplus,0.8719,0.009866
2000,0.001,32,3,softplus,0.8703,0.010066
5000,0.001,5,2,sigmoid,0.8664,0.010307
5000,0.001,5,1,softplus,0.8639,0.010463
2000,0.001,64,2,softplus,0.8613,0.010691
2000,0.001,5,2,tanh,0.8529,0.01132
5000,0.005,5,2,relu,0.857,0.011549
2000,0.001,32,1,tanh,0.8473,0.011666
2000,0.001,32,1,softplus,0.8424,0.012012
5000,0.001,5,1,sigmoid,0.839,0.012269
2000,0.001,5,1,tanh,0.8374,0.012396
2000,0.001,32,3,sigmoid,0.8314,0.012777
2000,0.001,32,2,softplus,0.829,0.012975
2000,0.001,64,1,softplus,0.8251,0.013221
2000,0.001,64,1,sigmoid,0.8198,0.013589
5000,0.001,5,3,sigmoid,0.8073,0.014456
2000,0.001,32,2,sigmoid,0.7695,0.017033
2000,0.001,32,1,sigmoid,0.7643,0.017359
2000,0.001,5,2,softplus,0.7588,0.017742
2000,0.001,5,2,sigmoid,0.7501,0.01824
2000,0.01,5,1,relu,0.7473,0.018479
5000,0.01,5,1,relu,0.7473,0.018479
2000,0.001,5,1,softplus,0.7437,0.018695
2000,0.001,5,1,sigmoid,0.7421,0.018774
2000,0.001,5,3,softplus,0.7413,0.018815
2000,0.001,5,3,sigmoid,0.6974,0.027456
