"Root","RelativePath","Extension","SizeBytes","LastWriteTime"
"from_colab","from_colab\0527\iris_random_forest_model.pkl",".pkl","167745","2026-05-27 16:02:44"
"from_colab","from_colab\0527\iris_scaler.pkl",".pkl","1047","2026-05-27 16:02:50"
"from_colab","from_colab\0527\ML_sample.ipynb",".ipynb","512724","2026-05-27 16:14:15"
"from_colab","from_colab\0527\ml_sample.py",".py","9306","2026-05-27 16:14:23"
"from_colab","from_colab\0527\test1_wine.ipynb",".ipynb","4706949","2026-05-28 12:18:45"
"from_colab","from_colab\0527\test1_wine.py",".py","4783","2026-05-28 12:18:56"
"from_colab","from_colab\0528_data\data.zip",".zip","68000","2026-05-28 08:59:47"
"from_colab","from_colab\0528_data\subway\subway_test.csv",".csv","23872","2026-05-28 12:36:16"
"from_colab","from_colab\0528_data\subway\subway_train.csv",".csv","71143","2026-05-28 12:36:16"
"from_colab","from_colab\0528_data\titanic\test.csv",".csv","28629","2026-05-28 12:36:16"
"from_colab","from_colab\0528_data\titanic\train.csv",".csv","61194","2026-05-28 12:36:16"
"from_colab","from_colab\0528\pytorch_basic_using.ipynb",".ipynb","62917","2026-05-28 12:16:21"
"from_colab","from_colab\0528\pytorch_basic_using.py",".py","8059","2026-05-28 12:16:31"
"from_colab","from_colab\0528\Regression_and_Classification_Model_Hands_on.ipynb",".ipynb","2583","2026-05-28 14:01:16"
"from_colab","from_colab\0528\regression_and_classification_model_hands_on.py",".py","1163","2026-05-28 14:01:28"
"from_colab","from_colab\0528-s\_subway_tune.py",".py","9953","2026-06-08 21:29:09"
"from_colab","from_colab\0528-s\pytorch_basic_using.ipynb",".ipynb","44250","2026-05-28 14:02:36"
"from_colab","from_colab\0528-s\subway_submission_nn.csv",".csv","8395","2026-06-08 21:29:09"
"from_colab","from_colab\0528-s\subway_submission_v2.csv",".csv","11052","2026-05-29 15:25:42"
"from_colab","from_colab\0528-s\서울지하철이용자수예측회귀모델.ipynb",".ipynb","321664","2026-05-29 14:55:25"
"from_colab","from_colab\0528-s\서울지하철이용자수예측회귀모델_tuned.ipynb",".ipynb","331141","2026-06-10 09:11:31"
"from_colab","from_colab\0528-s\서울지하철이용자수예측회귀모델_tuned-0.ipynb",".ipynb","333362","2026-05-29 09:47:25"
"from_colab","from_colab\0528-s\서울지하철이용자수예측회귀모델_tuned-1.ipynb",".ipynb","341577","2026-05-29 12:23:51"
"from_colab","from_colab\0528-s\서울지하철이용자수예측회귀모델_tuned-2.ipynb",".ipynb","16176","2026-06-08 21:29:09"
"from_colab","from_colab\0528-s\타이타닉분류모델.ipynb",".ipynb","258513","2026-05-28 23:29:07"
"from_colab","from_colab\0528-s\화면 캡처 2026-05-29 091611.png",".png","32764","2026-05-29 09:16:32"
"from_colab","from_colab\0528-s\화면 캡처 2026-05-29 112625.png",".png","165014","2026-05-29 11:26:28"
"from_colab","from_colab\0528-s\회귀및분류모델실습.ipynb",".ipynb","167827","2026-05-28 14:02:29"
"from_colab","from_colab\0529-s\content\data\국가데이터처_나라통계_우편번호_20211110.csv",".csv","4266473","2026-05-29 16:06:02"
"from_colab","from_colab\0529-s\data.zip",".zip","253813","2026-05-29 09:01:22"
"from_colab","from_colab\0529-s\data\opt_letterdata.csv",".csv","732670","2026-05-29 10:00:14"
"from_colab","from_colab\0529-s\data\wisc_data.csv",".csv","125093","2026-05-29 10:00:14"
"from_colab","from_colab\0529-s\iris_logistic_regression_pytorch.ipynb",".ipynb","140816","2026-05-29 13:58:33"
"from_colab","from_colab\0529-s\pytorch_knn_breast_cancer.ipynb",".ipynb","128864","2026-05-29 09:01:35"
"from_colab","from_colab\0529-s\pytorch_naive_bayes_sms_spam.ipynb",".ipynb","109743","2026-05-29 09:01:41"
"from_colab","from_colab\0529-s\pytorch_svm_letter_classification.ipynb",".ipynb","212914","2026-05-29 09:01:29"
"from_colab","from_colab\0529-s\pytorch_svm_letter_classification_우편번호분류기-과제완.ipynb",".ipynb","280329","2026-05-29 17:50:54"
"from_colab","from_colab\0529-s\pytorch_svm_letter_classification-0.ipynb",".ipynb","228353","2026-05-29 16:06:28"
"from_colab","from_colab\0529-s\pytorch_svm_letter_classification-우편번호분류기.ipynb",".ipynb","155332","2026-06-10 09:11:31"
"from_colab","from_colab\0529-s\과제.zip",".zip","849372","2026-05-29 17:44:18"
"from_colab","from_colab\0529-s\국가데이터처_나라통계_우편번호_20211110.csv",".csv","4266473","2026-05-29 16:06:02"
"from_colab","from_colab\0529-s\나이브베이즈 라플라스 스무딩\ls-0.1.png",".png","246900","2026-05-29 15:09:45"
"from_colab","from_colab\0529-s\나이브베이즈 라플라스 스무딩\화면 캡처 2026-05-29 150819.png",".png","150836","2026-05-29 15:08:40"
"from_colab","from_colab\0529-s\실습문제.txt",".txt","1140","2026-06-08 21:29:09"
"from_colab","from_colab\0601-s\_quick_tune.py",".py","4068","2026-06-08 21:29:09"
"from_colab","from_colab\0601-s\_tune_search.py",".py","4169","2026-06-08 21:29:09"
"from_colab","from_colab\0601-s\_wine_core_test.py",".py","5599","2026-06-08 21:29:09"
"from_colab","from_colab\0601-s\_wine_grid_search.log",".log","0","2026-06-08 21:29:09"
"from_colab","from_colab\0601-s\_wine_grid_search.py",".py","7526","2026-06-08 21:29:09"
"from_colab","from_colab\0601-s\5_머신러닝_알고리즘_앙상블.pdf",".pdf","1317696","2026-06-08 21:29:09"
"from_colab","from_colab\0601-s\backpropagation_torch_colab.ipynb",".ipynb","63750","2026-06-08 21:29:09"
"from_colab","from_colab\0601-s\decision_tree_torch.ipynb",".ipynb","191627","2026-06-08 21:29:09"
"from_colab","from_colab\0601-s\decision_tree_torch-실습.ipynb",".ipynb","133046","2026-06-08 21:29:09"
"from_colab","from_colab\0601-s\decision_tree_torch-실습-end.ipynb",".ipynb","315876","2026-06-08 21:29:09"
"from_colab","from_colab\0601-s\iris_logistic_regression_pytorch.ipynb",".ipynb","142325","2026-06-08 21:29:09"
"from_colab","from_colab\0601-s\regression_model_torch.ipynb",".ipynb","702480","2026-06-08 21:29:09"
"from_colab","from_colab\0601-s\regression_tree_torch.ipynb",".ipynb","189755","2026-06-08 21:29:09"
"from_colab","from_colab\0601-s\regression_tree_torch-과제.ipynb",".ipynb","178908","2026-06-08 21:29:09"
"from_colab","from_colab\0601-s\regression_tree_torch-과제_backup_before_tuning.ipynb",".ipynb","213724","2026-06-08 21:29:09"
"from_colab","from_colab\0601-s\의사결정트리_실습문제1.txt",".txt","6334","2026-06-08 21:29:09"
"from_colab","from_colab\0601-s\의사결정트리_실습문제1-1.txt",".txt","11614","2026-06-08 21:29:09"
"from_colab","from_colab\0601-s\회귀트리_성능향상.ipynb",".ipynb","208609","2026-06-08 21:29:09"
"from_colab","from_colab\0601-s\회귀트리_실습문제.txt",".txt","10871","2026-06-08 21:29:09"
"from_colab","from_colab\0602-s\ANN_torch.ipynb",".ipynb","247805","2026-06-08 21:29:09"
"from_colab","from_colab\0602-s\ANN_torch_실습-2.ipynb",".ipynb","63729","2026-06-08 21:29:09"
"from_colab","from_colab\0602-s\ANN_torch_실습-3.ipynb",".ipynb","64263","2026-06-08 21:29:09"
"from_colab","from_colab\0602-s\ANN_torch_실습-4.ipynb",".ipynb","187206","2026-06-08 21:29:09"
"from_colab","from_colab\0602-s\ANN_torch-실습.ipynb",".ipynb","263052","2026-06-08 21:29:09"
"from_colab","from_colab\0602-s\ANN_torch-실습-.ipynb",".ipynb","85874","2026-06-08 21:29:09"
"from_colab","from_colab\0602-s\ANN_그리드서치_결과.md",".md","2104","2026-06-08 21:29:09"
"from_colab","from_colab\0602-s\ANN_실습문제.md",".md","20897","2026-06-08 21:29:09"
"from_colab","from_colab\0602-s\concrete_stg.csv",".csv","41415","2026-06-08 21:29:09"
"from_colab","from_colab\0602-s\decision_tree_torch_adaboost_added.ipynb",".ipynb","238953","2026-06-08 21:29:09"
"from_colab","from_colab\0602-s\decision_tree_torch_bagging_added.ipynb",".ipynb","240202","2026-06-08 21:29:09"
"from_colab","from_colab\0602-s\decision_tree_torch_gradient_boosting_added.ipynb",".ipynb","239547","2026-06-08 21:29:09"
"from_colab","from_colab\0602-s\decision_tree_torch_random_forest_added.ipynb",".ipynb","239024","2026-06-08 21:29:09"
"from_colab","from_colab\0602-s\grid_results.csv",".csv","8424","2026-06-08 21:29:09"
"from_colab","from_colab\0602-s\knn_pca_full_output.py",".py","8112","2026-06-08 21:29:09"
"from_colab","from_colab\0604-s\dimensionality_reduction.ipynb",".ipynb","1301163","2026-06-08 21:29:09"
"from_colab","from_colab\0604-s\dimensionality_reduction_completed_모범답안.ipynb",".ipynb","1329270","2026-06-08 21:29:09"
"from_colab","from_colab\0604-s\dimensionality_reduction_practice.ipynb",".ipynb","1107374","2026-06-08 21:29:09"
"from_colab","from_colab\0604-s\dimensionality_reduction_practice_completed_모범답안.ipynb",".ipynb","1124612","2026-06-08 21:29:09"
"from_colab","from_colab\0604-s\dimensionality_reduction_practice-실습.ipynb",".ipynb","2951111","2026-06-08 21:29:09"
"from_colab","from_colab\0604-s\dimensionality_reduction-실습.ipynb",".ipynb","3264413","2026-06-08 21:29:09"
"from_colab","from_colab\0604-s\pytorch_knn_breast_cancer.ipynb",".ipynb","131108","2026-06-08 21:29:09"
"from_colab","from_colab\0604-s\pytorch_knn_breast_cancer-실습.ipynb",".ipynb","329737","2026-06-08 21:29:09"
"from_colab","from_colab\0605-s\7_머신러닝_비지도학습알고리즘.pdf",".pdf","1248226","2026-06-08 21:29:09"
"from_colab","from_colab\0605-s\online_retail_uci_torch_association_rules_colab_모범답안.ipynb",".ipynb","642216","2026-06-08 21:29:10"
"from_colab","from_colab\0605-s\online+retail.zip",".zip","23715478","2026-06-08 21:29:10"
"from_colab","from_colab\0605-s\shop_groceries.csv",".csv","510697","2026-06-08 21:29:10"
"from_colab","from_colab\0605-s\torch_association_rules(실습포함)_모범답안.ipynb",".ipynb","615750","2026-06-08 21:29:10"
"from_colab","from_colab\0605-s\torch_association_rules.ipynb",".ipynb","448665","2026-06-08 21:29:10"
"from_colab","from_colab\0605-s\torch_association_rules-실습.ipynb",".ipynb","580394","2026-06-08 21:29:10"
"from_colab","from_colab\0605-s\uci_iris_torch_kmeans_clustering_colab.ipynb",".ipynb","20818","2026-06-08 21:29:10"
"from_colab","from_colab\0605-s\실습_7_작업중.ipynb",".ipynb","612194","2026-06-08 21:29:10"
"from_colab","from_colab\0605-s\실습문제_7.ipynb",".ipynb","1313452","2026-06-08 21:29:10"
"from_colab","from_colab\0605-s\실습문제_7_모범답안_online_retail_uci_torch_association_rules_colab.ipynb",".ipynb","642216","2026-06-08 21:29:10"
"from_colab","from_colab\0605-s\연관규칙분석_실습문제.txt",".txt","5113","2026-06-08 21:29:10"
"from_colab","from_colab\test.py",".py","223","2026-06-10 09:11:31"
"from_colab_deep_learning","from_colab_deep_learning\0608-s\1_딥러닝개념_프레임워크설치.pdf",".pdf","2598507","2026-06-09 09:07:28"
"from_colab_deep_learning","from_colab_deep_learning\0608-s\day1_heart_실습_모범답안.pdf",".pdf","847280","2026-06-09 09:07:28"
"from_colab_deep_learning","from_colab_deep_learning\0608-s\day1_housing_실습_모범답안.pdf",".pdf","815523","2026-06-09 09:07:28"
"from_colab_deep_learning","from_colab_deep_learning\0608-s\heart.csv",".csv","11328","2026-06-09 09:07:28"
"from_colab_deep_learning","from_colab_deep_learning\0608-s\heart_pytorch_dnn.ipynb",".ipynb","273404","2026-06-09 09:07:28"
"from_colab_deep_learning","from_colab_deep_learning\0608-s\heart_pytorch_dnn_실습_완.ipynb",".ipynb","237621","2026-06-09 09:41:57"
"from_colab_deep_learning","from_colab_deep_learning\0608-s\heart_pytorch_dnn_실습1.ipynb",".ipynb","538506","2026-06-09 09:07:28"
"from_colab_deep_learning","from_colab_deep_learning\0608-s\heart_pytorch_dnn_실습문제.txt",".txt","48912","2026-06-09 10:05:52"
"from_colab_deep_learning","from_colab_deep_learning\0608-s\heart_pytorch_dnn_실습문제2.txt",".txt","3046","2026-06-09 10:12:33"
"from_colab_deep_learning","from_colab_deep_learning\0608-s\housing.csv",".csv","31859","2026-06-09 09:07:28"
"from_colab_deep_learning","from_colab_deep_learning\0608-s\housing_pytorch_dnn.ipynb",".ipynb","360544","2026-06-09 09:07:28"
"from_colab_deep_learning","from_colab_deep_learning\0608-s\housing_pytorch_dnn-실습.ipynb",".ipynb","1352400","2026-06-09 09:07:28"
"from_colab_deep_learning","from_colab_deep_learning\0608-s\housing_pytorch_dnn-실습2.ipynb",".ipynb","1505842","2026-06-09 09:07:28"
"from_colab_deep_learning","from_colab_deep_learning\0609-s\1.ipynb",".ipynb","16297","2026-06-09 12:50:02"
"from_colab_deep_learning","from_colab_deep_learning\0609-s\1d_neurial_cubic_torch.ipynb",".ipynb","238042","2026-06-09 09:40:53"
"from_colab_deep_learning","from_colab_deep_learning\0609-s\1d_neurial_cubic_torch_실습.ipynb",".ipynb","234941","2026-06-10 11:23:02"
"from_colab_deep_learning","from_colab_deep_learning\0609-s\1d_neurial_cubic_torch_실습.txt",".txt","13867","2026-06-09 16:00:44"
"from_colab_deep_learning","from_colab_deep_learning\0609-s\1d_neurial_quadratic_torch.ipynb",".ipynb","145293","2026-06-09 09:41:00"
"from_colab_deep_learning","from_colab_deep_learning\0609-s\2_딥러닝_신경망알고리즘_계층구조.pdf",".pdf","1136521","2026-06-09 09:40:40"
"from_colab_deep_learning","from_colab_deep_learning\0609-s\activation_functions_pytorch.ipynb",".ipynb","553349","2026-06-09 09:40:46"
"from_colab_deep_learning","from_colab_deep_learning\0609-s\NN_Spiral_Multiclass_torch.ipynb",".ipynb","310739","2026-06-09 09:41:08"
"from_colab_deep_learning","from_colab_deep_learning\0609-s\NN_Spiral_Multiclass_torch_실습.ipynb",".ipynb","338701","2026-06-10 11:23:47"
"from_colab_deep_learning","from_colab_deep_learning\0609-s\NN_Spiral_Multiclass_torch_실습문제.txt",".txt","49174","2026-06-09 17:45:12"
"from_colab_deep_learning","from_colab_deep_learning\0609-s\numpy_percept_logical_gate.ipynb",".ipynb","11446","2026-06-09 09:40:27"
"from_colab_deep_learning","from_colab_deep_learning\0609-s\실습문제_답안.txt",".txt","4679","2026-06-10 09:08:43"
"from_colab_deep_learning","from_colab_deep_learning\0610-s\3_딥러닝_데이터처리와데이터셋.pdf",".pdf","2262451","2026-06-10 09:14:14"
"from_colab_deep_learning","from_colab_deep_learning\0610-s\5.bmp",".bmp","174","2026-06-10 14:26:31"
"from_colab_deep_learning","from_colab_deep_learning\0610-s\cifar10_torch_detailed.ipynb",".ipynb","55691","2026-06-10 09:06:10"
"from_colab_deep_learning","from_colab_deep_learning\0610-s\cifar10_torch_detailed_optimized_mlp.ipynb",".ipynb","18881","2026-06-10 15:55:15"
"from_colab_deep_learning","from_colab_deep_learning\0610-s\matrix_torch.ipynb",".ipynb","80110","2026-06-10 12:26:26"
"from_colab_deep_learning","from_colab_deep_learning\0610-s\mnist_torch_detailed.ipynb",".ipynb","139267","2026-06-10 09:06:39"
"from_colab_deep_learning","from_colab_deep_learning\0610-s\mnist_torch_detailed_최적화(Bayesian Optimaization).ipynb",".ipynb","11832","2026-06-10 14:19:55"
"from_colab_deep_learning","from_colab_deep_learning\0610-s\mnist_torch_detailed_최적화(Bayesian Optimaization)_개선판.ipynb",".ipynb","26347","2026-06-10 15:41:15"
"from_colab_deep_learning","from_colab_deep_learning\0610-s\torch_dataset_fruit_classifier.ipynb",".ipynb","152492","2026-06-10 09:06:50"
"from_colab_deep_learning","from_colab_deep_learning\0611-s\4_딥러닝_네트워크모델설계.pdf",".pdf","577995","2026-06-11 09:07:35"
"from_colab_deep_learning","from_colab_deep_learning\0611-s\airline_lstm_pytorch.ipynb",".ipynb","40028","2026-06-11 12:01:39"
"from_colab_deep_learning","from_colab_deep_learning\0611-s\cifar10_cnn_pytorch.ipynb",".ipynb","47387","2026-06-11 13:59:29"
"from_colab_deep_learning","from_colab_deep_learning\0611-s\dnn_gan_torch.ipynb",".ipynb","34393","2026-06-11 12:01:46"
"from_colab_deep_learning","from_colab_deep_learning\0611-s\fashion_pytorch_cnn.ipynb",".ipynb","256500","2026-06-11 09:05:59"
"from_colab_deep_learning","from_colab_deep_learning\0611-s\fashion_pytorch_cnn_optuna.ipynb",".ipynb","31128","2026-06-11 15:10:45"
"from_colab_deep_learning","from_colab_deep_learning\0611-s\fashion_pytorch_cnn_실습문제.txt",".txt","40223","2026-06-12 00:12:49"
"from_colab_deep_learning","from_colab_deep_learning\0611-s\fashion_pytorch_cnn_실습완.ipynb",".ipynb","256896","2026-06-12 00:16:24"
"from_colab_deep_learning","from_colab_deep_learning\0611-s\FashionMNIST_실습문제.pdf",".pdf","576791","2026-06-11 13:59:36"
"from_colab_deep_learning","from_colab_deep_learning\0611-s\pytorch_loss_functions.ipynb",".ipynb","25758","2026-06-11 09:05:50"
"from_colab_deep_learning","from_colab_deep_learning\0611-s\pytorch_loss_functions_optuna.ipynb",".ipynb","29260","2026-06-11 09:55:50"
"from_colab_deep_learning","from_colab_deep_learning\0612-s\5_딥러닝_모델훈련및평가.pdf",".pdf","2898972","2026-06-12 09:06:21"
"from_colab_deep_learning","from_colab_deep_learning\0612-s\Autograd_matplotlib.ipynb",".ipynb","27949","2026-06-12 09:04:05"
"from_colab_deep_learning","from_colab_deep_learning\0612-s\Autograd_matplotlib_랜덤시드실험.ipynb",".ipynb","146276","2026-06-12 13:50:53"
"from_colab_deep_learning","from_colab_deep_learning\0612-s\Autograd_wandb.ipynb",".ipynb","25980","2026-06-12 09:04:20"
"from_colab_deep_learning","from_colab_deep_learning\0612-s\cifar10_cnn_adamw.pth",".pth","2493902","2026-06-12 17:21:28"
"from_colab_deep_learning","from_colab_deep_learning\0612-s\cifar10_cnn_pytorch.ipynb",".ipynb","47387","2026-06-12 09:04:28"
"from_colab_deep_learning","from_colab_deep_learning\0612-s\cifar10_cnn_pytorch_실습.txt",".txt","33414","2026-06-14 01:01:16"
"from_colab_deep_learning","from_colab_deep_learning\0612-s\cifar10_cnn_tensorflow.ipynb",".ipynb","40535","2026-06-12 09:04:35"
"from_colab_deep_learning","from_colab_deep_learning\0612-s\cifar-10-python.tar.gz",".gz","170498071","2026-06-12 17:27:08"
"from_colab_deep_learning","from_colab_deep_learning\0612-s\hello_tensor_배포용.ipynb",".ipynb","32850","2026-06-12 11:45:46"
"from_colab_deep_learning","from_colab_deep_learning\0612-s\hello_tensor_코드입력완료.ipynb",".ipynb","182161","2026-06-12 17:05:37"
"from_colab_deep_learning","from_colab_deep_learning\0612-s\Tensor_Autograd.ipynb",".ipynb","8977","2026-06-12 09:04:13"
"ml_data_preprocessing","ml_data_preprocessing\01_missing_values.py",".py","2098","2026-05-27 11:18:35"
"ml_data_preprocessing","ml_data_preprocessing\02_outlier_iqr.py",".py","986","2026-05-27 10:38:02"
"ml_data_preprocessing","ml_data_preprocessing\03_outlier_zscore.py",".py","976","2026-05-27 10:38:02"
"ml_data_preprocessing","ml_data_preprocessing\04_minmax_scaling.py",".py","524","2026-05-27 10:38:02"
"ml_data_preprocessing","ml_data_preprocessing\05_label_encoding.py",".py","708","2026-05-27 11:40:03"
"ml_data_preprocessing","ml_data_preprocessing\from_colab\iris_random_forest_model.pkl",".pkl","167713","2026-05-27 16:16:36"
"ml_data_preprocessing","ml_data_preprocessing\from_colab\iris_scaler.pkl",".pkl","999","2026-05-27 16:16:36"
"ml_data_preprocessing","ml_data_preprocessing\from_colab\ML_sample.ipynb",".ipynb","512724","2026-05-27 16:14:15"
"ml_data_preprocessing","ml_data_preprocessing\from_colab\ml_sample.py",".py","9312","2026-05-27 16:16:21"
"ml_data_preprocessing","ml_data_preprocessing\from_colab\test2_breast_cancer.py",".py","3865","2026-05-28 09:12:48"
"ml_data_preprocessing","ml_data_preprocessing\ml_practice.py",".py","3006","2026-05-27 17:46:50"
"ml_data_preprocessing","ml_data_preprocessing\ml_practice2.py",".py","4302","2026-05-27 17:46:57"
"ml_data_preprocessing","ml_data_preprocessing\ML_sample_torch.py",".py","10678","2026-05-27 21:44:22"
"ml_data_preprocessing","ml_data_preprocessing\README.md",".md","519","2026-05-27 10:38:03"
"ml_data_preprocessing","ml_data_preprocessing\데이터전처리_codes.zip",".zip","4097","2026-05-27 10:37:18"
